{"count":1,"self":50.35776,"total":51.6227349,"children":{"InitializeActuators":{"count":10,"self":0.0020015,"total":0.0020015,"children":null},"InitializeSensors":{"count":10,"self":0.0029904999999999997,"total":0.0029904999999999997,"children":null},"AgentSendState":{"count":1035,"self":0.0512585,"total":0.15808139999999998,"children":{"CollectObservations":{"count":2070,"self":0.063816799999999993,"total":0.063816799999999993,"children":null},"WriteActionMask":{"count":2070,"self":0.012980199999999999,"total":0.012980199999999999,"children":null},"RequestDecision":{"count":2070,"self":0.030025899999999998,"total":0.030025899999999998,"children":null}}},"DecideAction":{"count":1035,"self":1.0069329,"total":1.0069329,"children":null},"AgentAct":{"count":1035,"self":0.092966899999999991,"total":0.092966899999999991,"children":null}},"gauges":{},"metadata":{"timer_format_version":"0.1.0","start_time_seconds":"1647544315","unity_version":"2020.3.14f1","command_line_arguments":"C:\\Program Files\\Unity\\Hub\\Editor\\2020.3.14f1\\Editor\\Unity.exe -projectpath C:\/Users\/joel.mateu\/Desktop\/My Stuff\/Dispositius ES\/DispositiusES_ExercicisIA\/AA1_Worm_DispositiusES -useHub -hubIPC -cloudEnvironment production -hubSessionId 3c1a2870-a604-11ec-8a70-1ba1f21dcb42","communication_protocol_version":"1.5.0","com.unity.ml-agents_version":"2.1.0-exp.1","scene_name":"Worm","end_time_seconds":"1647544367"}}