{"count":1,"self":260.51952639999996,"total":812.8393775,"children":{"InitializeActuators":{"count":10,"self":0.00096649999999999991,"total":0.00096649999999999991,"children":null},"InitializeSensors":{"count":10,"self":0.0010253,"total":0.0010253,"children":null},"AgentSendState":{"count":321431,"self":3.1456892,"total":128.5514699,"children":{"CollectObservations":{"count":642870,"self":7.8484799999999995,"total":7.8484804,"children":null},"WriteActionMask":{"count":642870,"self":0.6310427,"total":0.6310427,"children":null},"RequestDecision":{"count":642870,"self":1.8938111999999998,"total":116.92625749999999,"children":{"AgentInfo.ToProto":{"count":642870,"self":2.417934,"total":115.0324464,"children":{"GenerateSensorData":{"count":642870,"self":112.6145152,"total":112.6145124,"children":null}}}}}}},"DecideAction":{"count":321431,"self":402.98751999999996,"total":402.98753109999996,"children":null},"AgentAct":{"count":321431,"self":20.661127999999998,"total":20.7778648,"children":{"AgentInfo.ToProto":{"count":640,"self":0.0009971,"total":0.1167375,"children":{"GenerateSensorData":{"count":640,"self":0.1157404,"total":0.1157404,"children":null}}}}}},"gauges":{"Worm.CumulativeReward":{"count":640,"max":9.065079,"min":0,"runningAverage":0.683962643,"value":5.97299528,"weightedAverage":2.35995173}},"metadata":{"timer_format_version":"0.1.0","start_time_seconds":"1648062312","unity_version":"2020.3.14f1","command_line_arguments":"C:\\Program Files\\Unity\\Hub\\Editor\\2020.3.14f1\\Editor\\Unity.exe -projectpath C:\/Users\/david.martin\/Desktop\/IA\/AA1\/DispositiusES_ExercicisIA\/AA1_Worm_DispositiusES -useHub -hubIPC -cloudEnvironment production -hubSessionId ca49f410-aacb-11ec-8168-753b3038f73a","communication_protocol_version":"1.5.0","com.unity.ml-agents_version":"2.1.0-exp.1","scene_name":"Worm","end_time_seconds":"1648063125"}}